{"cameraMode":{"drawMode":0,"name":"Shaded","section":"Shading Mode"},"sceneLighting":false,"audioPlay":false,"sceneViewState":{"m_AlwaysRefresh":false,"showFog":true,"showSkybox":false,"showFlares":true,"showImageEffects":true,"showParticleSystems":true,"showVisualEffectGraphs":true,"m_FxEnabled":true},"in2DMode":false,"pivot":{"x":4.605000019073486,"y":1.4789999723434449,"z":-0.47600001096725466},"rotation":{"x":-0.13824564218521119,"y":-0.6879168152809143,"z":0.1357785016298294,"w":-0.6995038986206055},"size":0.24394652247428895,"orthographic":true}