{"cameraMode":{"drawMode":0,"name":"Shaded","section":"Shading Mode"},"sceneLighting":false,"audioPlay":false,"sceneViewState":{"m_AlwaysRefresh":false,"showFog":true,"showSkybox":false,"showFlares":true,"showImageEffects":true,"showParticleSystems":true,"showVisualEffectGraphs":true,"m_FxEnabled":true},"in2DMode":false,"pivot":{"x":1.020018219947815,"y":0.6769999265670776,"z":-0.28600001335144045},"rotation":{"x":-0.06139717623591423,"y":-0.9354323744773865,"z":0.20228807628154756,"w":-0.2834851145744324},"size":0.5986849665641785,"orthographic":true}