{"cameraMode":{"drawMode":0,"name":"Shaded","section":"Shading Mode"},"sceneLighting":false,"audioPlay":false,"sceneViewState":{"m_AlwaysRefresh":false,"showFog":true,"showSkybox":false,"showFlares":true,"showImageEffects":true,"showParticleSystems":true,"showVisualEffectGraphs":true,"m_FxEnabled":true},"in2DMode":false,"pivot":{"x":0.00009110569953918457,"y":0.006785377860069275,"z":-0.2694520950317383},"rotation":{"x":-0.37323975563049319,"y":-0.6109537482261658,"z":0.39671626687049868,"w":-0.5745659470558167},"size":0.2771834135055542,"orthographic":true}